Feature,Importance
heavy_rain,0.13146746643903118
dry_spell,0.5181366336639205
heat_stress,0.22039487646754444
high_wind,0.0
hail_event,0.13000102342950395
